epoch,training_error,validation_error
1,438.53419278338197,101.57366832302596
2,87.92108301439025,54.565934552354655
