,epoch,training_error,validation_error
0,1.0,,
1,,540.9109300276751,
2,,113.69814988236664,
3,,,84.88869375619865
4,,,55.67004543569192
