,epoch,training_error,validation_error
0,1.0,,
1,,338.95891124944814,
2,,95.74928917929545,
3,,,66.5142027015716
4,,,46.58805144674133
